id,nome
59CVVonQciTIUJH5zr7hia,"The Perfect Element, Pt. I (Anniversary Mix 2020)"
2n4ir58xq66WvWHFjzsYXU,"The Perfect Element, Pt. 1 (Anniversary Mix 2020)"
1Y31kS1a9b6tyXA9aAN9Tw,PANTHER
1jv0iQo5iYehqYGARCkvs6,PANTHER
7tVujuNTRGQI1XQ20gehCA,In The Passing Light Of Day
3p3jOZI2RjHPVpu7kfgjOB,In The Passing Light Of Day
6GyZTKNUimK6OoCFFwpOkG,Remedy Lane Re:lived
5j9BvFqiEE6RxgXs6XxSWV,Remedy Lane Re:mixed
6iDs7bVYPhutyCPJl3pvy1,Falling Home
0kz8kBV9DVFdrAn4JZctG3,Road Salt Two
4dcELIj5hI9iXfkCSCvsBm,Road Salt One
1L03O0Wc4gLERlXy8Oupjp,On the Two Deaths Of
1SxgzMTADp2l25jwuZxPjX,Scarsick
2V5UdIsOhTshU0ePMw9Dg3,"""BE"""
1LJKYYvJxtbOwRKna2Hpnd,12:05 (Live)
5wdXBbdGH90qfKoWBErbdw,Remedy Lane
0yqtdNIwsXSZHL7A0QNBBb,"The Perfect Element, Pt. I"
3OLMehKzdw2yWK2ilfyhCR,One Hour By the Concrete Lake
6ThuI10v4PW9WMgAu7sWnp,Entropia
6bY1mKqQrw9OQ6VA2VDqS5,Used (Anniversary Mix 2020)
4pnC0csjiPwmrt3Z21tKc3,Something In The Air (Live Paris 99)
0cqnZacz49P3vjP6bq3cdj,Look At The Moon! (Live Phoenix Festival 97)
7B4qOISwglvyQKodBynWBd,No Trendy Réchauffé (Live Birmingham 95)
7eMXWxMOHtAoliVQfVpdpl,ChangesNowBowie
2ePgm9LMao9MIx7VWmHQoA,Ouvrez Le Chien (Live Dallas 95)
1HKNlpKfSTZkALqVuR2BYC,Liveandwell.com (2020 Remaster)
2F90unPwyFwCT7khOMGT2o,Metrobolist (aka The Man Who Sold The World) [2020 Mix]
22Pbw99Nqx71sHcxNdo7pE,Conversation Piece
6fg7kbar0InuDku7sv8xkB,Space Oddity (2019 Mix)
6AzBSTH7yHgFMPQRrckpHO,The 'Mercury' Demos (with John 'Hutch' Hutchinson)
4RwaHr4OuqNDN3jTmZCnnu,Dance
4SFBFUvZcwR4tSyDTXluOy,"Serious Moonlight (Live '83, 2018 Remaster)"
6frjpRu2P0fdF9xSS9stjY,Glastonbury 2000 (Live)
2QaVEefXnT0dNY4gtsCPcE,ライヴ・イン・モントリオール1983 (Live)
0blyxTUATvmwqDcVM0dGt6,Welcome To The Blackout (Live London '78)
1m4J3FQcxlHIsPeYfCpbHA,Stage (2017) [Live]
5iZ09NPBTbpDziZcMrmjzb,"Cracked Actor (Live, Los Angeles '74)"
2w1YJXWMIco6EBf0CovvVN,Blackstar
16F7X7WOFZhMwQNsMil7lq,The Next Day
0izhrQQ2IKmo3k02mN91zA,A Reality Tour
1BGWFAkM0Oz88Dq7v369eP,NU
12AEv0Hld0QR0azgPm2kKY,Best Seller Of Djonga (Instrumentals)
3dCALWYm5dnvz0SS8kRi2k,Histórias da Minha Área
4bVYzv8uj0wanD6BdwmdwM,Ladrão
04iHzaSGrOo5MgBY7R2PbX,O MENINO QUE QUERIA SER DEUS
2Mlk1lNZ2pzDxvLhLDVUw2,Heresia
1xVr3y4IMC28r1jUEtNOHd,Suíte 14
1lm0ePGaAMF91JfN3O9sI7,Oclin e Evoque
1jFY75tKVWiLmiCRe6WFGr,Meu Corre
0L9eEDl01tO3fU72pZelrQ,Caçador De Vacilão
7Gbp3zsBC0bqMXxV3yhKRq,Voz Ativa
582tC636pbptxaGYLQSmsI,O Mundo Tá A Mudar
34mnxMR9hV61qyLNBzlka2,Toda Semana
6hdIHc6mfubIQueR1UDaTl,Gueto Feroz
0SGOxgAYwXZCG41J2OndHe,Sexta
0uEeUbmpAAn3vCEsoTe016,Sexta
0fHMiPufzfTdOQOxLNzRPt,Recadin Pros Falador
3nUUPrCHNstRHLbXbfJBS5,Recadin Pros Falador
02VSQBaMxU3XUnFVlR6TBb,Luto 2 (Temporais São Temporários)
6XxLo1o5yJ9uoclR9GN5WT,Hellz
49IjIc7ipOM27ZSMigmD6u,Forró do Brasil
0BUfz91rMPZoIK62Giur3Z,Aboio apaixonado
2zjt0JJASexDZX5EuUiCvE,Radio Live in the 1940's
5UBZAsf1DgRojAA1IBhcKH,Primeiras Gravações Instrumental
27DFHPmpgXMe87N2IvMKcu,O Rei do Baiao
0F0kXSZzp6UqZyXQArRsYy,Sertanejo & Forró
3UPxPJPaB7MlwYIG9AtS92,60 Grandes Sucessos (Remastered)
2eAqGxzHdEhQ9TBehcrwxN,Instrumental (1941)
7lr0MXiarESKcZREHJbyoR,Instrumental (1942)
2R6LvKJO4IvXZ3ZXxq9ZHT,Instrumental (1943)
5kYub9UaUgHwYHoRkbvExv,Instrumental (1944)
0MU4nao9V6Etw9kNw8drYd,Instrumental (1946-1947)
7Arm1Lb3X244WdsrzeII6X,Nasci Cantando
3CFo3GL8kjJibuyMY7MF1H,Epoca de Ouro
5nYztYTV3FEZfYTwfdTSVs,Asa Branca
3xv2ELz3tv6fluzLtFxdwH,As 30 melhores
4RXrdHx0yHuBEjjTfWJLQb,Luiz Gonzaga Eternal
4rfz3q5XsvyWKUHWMNsO3M,O Fole Roncou - Luiz Gonzaga 100 Anos
5IPMXbjCezeQkdQEXwm7oY,Mega Hits - Luiz Gonzaga
5Uw43duxxl5rCCkNjvBn1g,"Aboios & Vaquejadas, Nos Caminhos da Fé e São João Na Roça"
0MQx3ekmCvWvmoJqYStZRN,Descompondo o Silêncio
15NX1MFPiauDujhbHQKk44,Nada Sem Ela
6zvq9aeljJk1Hs4GXgH0sX,Olindance
70V15kVPMkf15wVuesb29r,Academia da Berlinda
3yN4Bz4o5rTF04TpgyFYKG,Trailer Sem Fim
4y8Gg7ZeQPIgwqnouCT57f,Mulher Cromaqui